"table_name","table_title","table_description","column_name","column_description","column_title"
catch_fact,Catch Fact,Aggregate weight and numbers determined for each species caught within a single haul.,actual_station_design_whid,warehouse identifier for station design,Actual Station Design Whid
catch_fact,Catch Fact,Aggregate weight and numbers determined for each species caught within a single haul.,best_available_taxonomy_observation_detail_whid,warehouse identifier to best available taxonomy observation detail,Best Available Taxonomy Observation Detail Whid
catch_fact,Catch Fact,Aggregate weight and numbers determined for each species caught within a single haul.,best_available_taxonomy_whid,warehouse identifier to best available taxonomy,Best Available Taxonomy Whid
catch_fact,Catch Fact,Aggregate weight and numbers determined for each species caught within a single haul.,catch_id,"unique(legacy) identifier for the catch from a haul, sorted to taxonomic group or debris type.",Catch ID
catch_fact,Catch Fact,Aggregate weight and numbers determined for each species caught within a single haul.,cpue_kg_per_ha_der,derivation of catch per unit effort in weight (kilograms) per hectare ordinarily estimated as the expanded haul catch weight divided by the area swept by the net.,CPUE (kg/ha)
catch_fact,Catch Fact,Aggregate weight and numbers determined for each species caught within a single haul.,cpue_numbers_per_ha_der,derivation of catch per unit effort in numbers of individuals per hectare ordinarily estimated as the expanded haul catch in numbers divided by the area swept by the net.,CPUE Numbers per Hectares
catch_fact,Catch Fact,Aggregate weight and numbers determined for each species caught within a single haul.,date_whid,warehouse identifier for date,Date Whid
catch_fact,Catch Fact,Aggregate weight and numbers determined for each species caught within a single haul.,field_identified_taxonomy_whid,warehouse identifier to field identified taxonomy,Field Identified Taxonomy Whid
catch_fact,Catch Fact,Aggregate weight and numbers determined for each species caught within a single haul.,field_note,notes made in the field about the catch,Field Note
catch_fact,Catch Fact,Aggregate weight and numbers determined for each species caught within a single haul.,haul_latitude_whid,warehouse identifier for haul latitude,Haul Latitude Whid
catch_fact,Catch Fact,Aggregate weight and numbers determined for each species caught within a single haul.,haul_longitude_whid,warehouse identifier for haul longitude,Haul Longitude Whid
catch_fact,Catch Fact,Aggregate weight and numbers determined for each species caught within a single haul.,most_recent_taxonomy_update_date_whid,warehouse identifier for most recent taxonomy update date,Most Recent Taxonomy Update Date Whid
catch_fact,Catch Fact,Aggregate weight and numbers determined for each species caught within a single haul.,operation_dim_whid,warehouse identifier for operation,Operation Dim Whid
catch_fact,Catch Fact,Aggregate weight and numbers determined for each species caught within a single haul.,sampling_end_time_whid,warehouse identifier for the sampling end time,Sampling End Time Whid
catch_fact,Catch Fact,Aggregate weight and numbers determined for each species caught within a single haul.,sampling_start_time_whid,warehouse identifier for the sampling start time,Sampling Start Time Whid
catch_fact,Catch Fact,Aggregate weight and numbers determined for each species caught within a single haul.,seafloor_depth_whid,warehouse identifier for seafloor depth,Seafloor Depth Whid
catch_fact,Catch Fact,Aggregate weight and numbers determined for each species caught within a single haul.,statistical_partition_whid,warehouse identifier for statistical partition,Statistical Partition Whid
catch_fact,Catch Fact,Aggregate weight and numbers determined for each species caught within a single haul.,subsample_count,count of the subsample used for numbers expansion. This is usually either the counted fraction or the subsample that is measured for fish length.,Subsample Count
catch_fact,Catch Fact,Aggregate weight and numbers determined for each species caught within a single haul.,subsample_wt_kg,weight in kilograms of the subsample used for numbers expansion. This is usually either the counted fraction or the subsample that is measured for fish length.,Subsample Weight (kg)
catch_fact,Catch Fact,Aggregate weight and numbers determined for each species caught within a single haul.,target_station_design_whid,warehouse identifier for target station design,Target Station Design Whid
catch_fact,Catch Fact,Aggregate weight and numbers determined for each species caught within a single haul.,total_catch_numbers,numbers expansion for a taxonomic group within a haul.,Total Catch Numbers
catch_fact,Catch Fact,Aggregate weight and numbers determined for each species caught within a single haul.,total_catch_wt_kg,"total catch weight in kilograms is ordinarily the weight of a taxonomic group within a haul. It is usually the sum of all baskets weights collected for a taxonomic group within a haul, but may be derived as a linear expansion based on a weighed, sorted subsample pulled randomly from the weighed unsorted total within a haul.",Total Catch Weight (kg)
catch_fact,Catch Fact,Aggregate weight and numbers determined for each species caught within a single haul.,total_catch_wt_observation_detail_whid,warehouse identifier to total catch weight observation details,Total Catch Weight Observation Detail Whid
individual_fact,Individual Fact,Individuals caught and measured on the bottom trawl survey,actual_station_design_whid,warehouse identifier for station design,Actual Station Design Whid
individual_fact,Individual Fact,Individuals caught and measured on the bottom trawl survey,ageing_laboratory_whid,Link to the laboratory_dim table that indicates the name of the laboratory that analyzed an age specimen.,Ageing Laboratory Whid
individual_fact,Individual Fact,Individuals caught and measured on the bottom trawl survey,age_years,Individual age measured in years,Age (yrs)
individual_fact,Individual Fact,Individuals caught and measured on the bottom trawl survey,best_available_taxonomy_observation_detail_whid,warehouse identifier to best available taxonomy observation detail,Best Available Taxonomy Observation Detail Whid
individual_fact,Individual Fact,Individuals caught and measured on the bottom trawl survey,best_available_taxonomy_whid,warehouse identifier to best available taxonomy,Best Available Taxonomy Whid
individual_fact,Individual Fact,Individuals caught and measured on the bottom trawl survey,date_whid,warehouse identifier for date,Date Whid
individual_fact,Individual Fact,Individuals caught and measured on the bottom trawl survey,field_identified_taxonomy_whid,warehouse identifier to field identified taxonomy,Field Identified Taxonomy Whid
individual_fact,Individual Fact,Individuals caught and measured on the bottom trawl survey,field_note,Note made in the field about an individual,Field Note
individual_fact,Individual Fact,Individuals caught and measured on the bottom trawl survey,haul_latitude_whid,warehouse identifier for haul latitude,Haul Latitude Whid
individual_fact,Individual Fact,Individuals caught and measured on the bottom trawl survey,haul_longitude_whid,warehouse identifier for haul longitude,Haul Longitude Whid
individual_fact,Individual Fact,Individuals caught and measured on the bottom trawl survey,individual_tracking_id,Individual tracking id,Individual ID
individual_fact,Individual Fact,Individuals caught and measured on the bottom trawl survey,individual_whid,Unique identifier for an individual specimen,Individual Whid
individual_fact,Individual Fact,Individuals caught and measured on the bottom trawl survey,lab_maturity_detail_whid,Warehouse identifier for lab maturity details,Lab Maturity Detail Whid
individual_fact,Individual Fact,Individuals caught and measured on the bottom trawl survey,left_pectoral_fin_id,Left pectoral fin sample number or barcode,Left Pectoral Fin ID
individual_fact,Individual Fact,Individuals caught and measured on the bottom trawl survey,length_cm,Individual length measured in centimeters,Length (cm)
individual_fact,Individual Fact,Individuals caught and measured on the bottom trawl survey,length_observation_detail_whid,Warehouse identifier to taxonomy observation detail,Length Observation Detail Whid
individual_fact,Individual Fact,Individuals caught and measured on the bottom trawl survey,length_timestamp,Timestamp at the point the length is taken on an individual,Length Timestamp
individual_fact,Individual Fact,Individuals caught and measured on the bottom trawl survey,most_recent_age_update_date_whid,Warehouse identifier for most recent age update date,Most Recent Age Update Date Whid
individual_fact,Individual Fact,Individuals caught and measured on the bottom trawl survey,most_recent_maturity_update_date_whid,Warehouse identifier for most recent maturity update date,Most Recent Maturity Update Date Whid
individual_fact,Individual Fact,Individuals caught and measured on the bottom trawl survey,most_recent_taxonomy_update_date_whid,Warehouse identifier for most recent taxonomy update date,Most Recent Taxonomy Update Date Whid
individual_fact,Individual Fact,Individuals caught and measured on the bottom trawl survey,operation_dim_whid,warehouse identifier for operation,Operation Dim Whid
individual_fact,Individual Fact,Individuals caught and measured on the bottom trawl survey,otosag_id,Otolith barcode or sample number,Otolith ID
individual_fact,Individual Fact,Individuals caught and measured on the bottom trawl survey,ovary_id,Ovary sample number or barcode,Ovary ID
individual_fact,Individual Fact,Individuals caught and measured on the bottom trawl survey,ovary_proportion_atresia,Proportion atresia estimated for an ovary specimen per laboratory maturity analysis,Ovary Percent Atresia
individual_fact,Individual Fact,Individuals caught and measured on the bottom trawl survey,sampling_end_time_whid,warehouse identifier for the sampling end time,Sampling End Time Whid
individual_fact,Individual Fact,Individuals caught and measured on the bottom trawl survey,sampling_start_time_whid,warehouse identifier for the sampling start time,Sampling Start Time Whid
individual_fact,Individual Fact,Individuals caught and measured on the bottom trawl survey,seafloor_depth_whid,warehouse identifier for seafloor depth,Seafloor Depth Whid
individual_fact,Individual Fact,Individuals caught and measured on the bottom trawl survey,sex_whid,Warehouse identifier to sex details,Sex Whid
individual_fact,Individual Fact,Individuals caught and measured on the bottom trawl survey,standard_survey_whid,Warehouse identifier for standard survey,Standard Survey Whid
individual_fact,Individual Fact,Individuals caught and measured on the bottom trawl survey,statistical_partition_whid,warehouse identifier for statistical partition,Statistical Partition Whid
individual_fact,Individual Fact,Individuals caught and measured on the bottom trawl survey,stomach_id,Stomach sample number or barcode,Stomach ID
individual_fact,Individual Fact,Individuals caught and measured on the bottom trawl survey,target_station_design_whid,warehouse identifier for target station design,Target Station Design Whid
individual_fact,Individual Fact,Individuals caught and measured on the bottom trawl survey,tissue_id,Tissue sample number or barcode,Tissue ID
individual_fact,Individual Fact,Individuals caught and measured on the bottom trawl survey,triennial_maturity_whid,Warehouse identifier for the macroscopic maturity scales,Triennial Maturity Whid
individual_fact,Individual Fact,Individuals caught and measured on the bottom trawl survey,weight_kg,Individual weight measured in kilograms,Weight (kg)
individual_fact,Individual Fact,Individuals caught and measured on the bottom trawl survey,width_cm,Individual width measured in centimeters,Width (cm)
individual_fact,Individual Fact,Individuals caught and measured on the bottom trawl survey,width_observation_detail_whid,Warehouse identifier to taxonomy observation detail,Width Observation Detail Whid
operation_haul_fact,Operation Haul Fact,"Operation details including dates, times, location, depths, tempuratures, etc",actual_station_design_whid,warehouse identifier for station design,Actual Station Design Whid
operation_haul_fact,Operation Haul Fact,"Operation details including dates, times, location, depths, tempuratures, etc",area_swept_ha_der,Product of the net width and fished distance (touchdown to liftoff distance) in hectares,Area Swepth (ha) Derived
operation_haul_fact,Operation Haul Fact,"Operation details including dates, times, location, depths, tempuratures, etc",date_whid,warehouse identifier for date,Date Whid
operation_haul_fact,Operation Haul Fact,"Operation details including dates, times, location, depths, tempuratures, etc",distance_hb2end_m_der,"Estimate of the distance traveled by the trawl net during the period following the start of net haulback  (start of haulback to net liftoff period) in meters.  Expected to be estimated from a hierarchy of methods favoring the use of gear positions derived by the ITI or from its bearing and horizontal range traces, including input from some form of gyrocompass",Distance Haulback to End (m) Derived
operation_haul_fact,Operation Haul Fact,"Operation details including dates, times, location, depths, tempuratures, etc",distance_start2end_m_der,Estimate of the distance traveled by the trawl net during the period it was fully in contact with the seafloor (net touchdown to liftoff period) in meters.  Expected to be estimated from a hierarchy of methods favoring the use of gear positions derived by the ITI or from its bearing and horizontal range traces,Distance Start to End (m) Derived
operation_haul_fact,Operation Haul Fact,"Operation details including dates, times, location, depths, tempuratures, etc",distance_start2hb_m_der,Estimate of the distance traveled by the trawl net during the period preceeding the start of net haulback  (net touchdown to start of haulback period) in meters.  Expected to be estimated from a hierarchy of methods favoring the use of gear positions derived by the ITI or from its bearing and horizontal range traces,Distance Start to Haulback (m) Derived
operation_haul_fact,Operation Haul Fact,"Operation details including dates, times, location, depths, tempuratures, etc",door_width_m_der,"Single point estimate for spread at the doors in meters for a haul.  The standard up through present has been the mean over the center 80 percent of the tow duration of the best (only, to date) doorspread trace within the haul",Door Width (m) Derived
operation_haul_fact,Operation Haul Fact,"Operation details including dates, times, location, depths, tempuratures, etc",fluorescence_at_surface_mg_per_m3_der,"Single point fluorescence estimate for a haul in micrograms of chlorophyll per liter.  This estimate has not been computed to date; it is unknow what the best estimator would be, but likely a simple mean would be appropriate",Fluorescence At Surface (mg/m3) Derived
operation_haul_fact,Operation Haul Fact,"Operation details including dates, times, location, depths, tempuratures, etc",gear_depth_m_der,Single point estimate for depth at the gear in meters for a haul.  The standard up through present has been the mean over the center 80 percent of the tow duration from the best depth sensor trace within the haul,Gear Depth (m) Derived
operation_haul_fact,Operation Haul Fact,"Operation details including dates, times, location, depths, tempuratures, etc",gear_end_latitude_dd,Latitude at the gear when sampling ceases (net liftoff for trawling).,Gear End Latitude (dd)
operation_haul_fact,Operation Haul Fact,"Operation details including dates, times, location, depths, tempuratures, etc",gear_end_latitude_whid,Warehouse identifier for gear end latitude,Gear End Latitude Whid
operation_haul_fact,Operation Haul Fact,"Operation details including dates, times, location, depths, tempuratures, etc",gear_end_longitude_dd,Longitude at the gear when sampling ceases (net liftoff for trawling).,Gear End Longitude (dd)
operation_haul_fact,Operation Haul Fact,"Operation details including dates, times, location, depths, tempuratures, etc",gear_end_longitude_whid,Warehouse identifier for gear end longitude,Gear End Longitude Whid
operation_haul_fact,Operation Haul Fact,"Operation details including dates, times, location, depths, tempuratures, etc",gear_start_latitude_dd,Latitude at the gear when sampling commences (net touchdown for trawling).,Gear Start Latitude (dd)
operation_haul_fact,Operation Haul Fact,"Operation details including dates, times, location, depths, tempuratures, etc",gear_start_latitude_whid,Warehouse identifier for gear start latitude,Gear Start Latitude Whid
operation_haul_fact,Operation Haul Fact,"Operation details including dates, times, location, depths, tempuratures, etc",gear_start_longitude_dd,Longitude at the gear when sampling commences (net touchdown for trawling).,Gear Start Longitude (dd)
operation_haul_fact,Operation Haul Fact,"Operation details including dates, times, location, depths, tempuratures, etc",gear_start_longitude_whid,Warehouse identifier for gear start longitude,Gear Start Longitude Whid
operation_haul_fact,Operation Haul Fact,"Operation details including dates, times, location, depths, tempuratures, etc",haul_latitude_dd_der,The latitude portion of a derived single point position for a haul in decimal degrees. Expected to be used generally for making spatial decisions about a haul or mapping it as a single point,Haul Latitude (dd) Derived
operation_haul_fact,Operation Haul Fact,"Operation details including dates, times, location, depths, tempuratures, etc",haul_latitude_whid,warehouse identifier for haul latitude,Haul Latitude Whid
operation_haul_fact,Operation Haul Fact,"Operation details including dates, times, location, depths, tempuratures, etc",haul_longitude_dd_der,The longitude portion of a derived single point position for a haul in decimal degrees. Expected to be used generally for making spatial decisions about a haul or mapping it as a single point,Haul Longitude (dd) Derived
operation_haul_fact,Operation Haul Fact,"Operation details including dates, times, location, depths, tempuratures, etc",haul_longitude_whid,warehouse identifier for haul longitude,Haul Longitude Whid
operation_haul_fact,Operation Haul Fact,"Operation details including dates, times, location, depths, tempuratures, etc",haul_position_type,Method used for deriving the haul latitude/longitude single point,Haul Position Type
operation_haul_fact,Operation Haul Fact,"Operation details including dates, times, location, depths, tempuratures, etc",invertebrate_weight_kg,Total catch invertebrate weight in kilograms,Invertebrate Weight (kg)
operation_haul_fact,Operation Haul Fact,"Operation details including dates, times, location, depths, tempuratures, etc",legacy_performance_code,Concatenated string of legacy tow performance codes (individually numeric).,Legacy Performance Code(s)
operation_haul_fact,Operation Haul Fact,"Operation details including dates, times, location, depths, tempuratures, etc",net_height_m_der,Single point estimate for net height at the net wings in in meters for a haul.  The standard up through present has been the mean over the center 80 percent of the tow duration of the best height trace within the haul.  It should be noted that the candidate traces for this estimate are the ITI headrope to footrope height and the PI headrope to bottom height sensor traces,Net Height (m) Derived
operation_haul_fact,Operation Haul Fact,"Operation details including dates, times, location, depths, tempuratures, etc",net_width_m_der,Single point estimate for spread at the net wings in in meters for a haul.  The standard up through present has been the mean over the center 80 percent of the tow duration of the best wingspread trace within the haul,Net Width (m) Derived
operation_haul_fact,Operation Haul Fact,"Operation details including dates, times, location, depths, tempuratures, etc",nonspecific_organics_weight_kg,Total non-specific organics weight in kilograms,Nonspecific Organics Weight (kg)
operation_haul_fact,Operation Haul Fact,"Operation details including dates, times, location, depths, tempuratures, etc",o2_at_gear_ml_per_l_der,Single point estimate for oxygen concentration in milliliters/Liter at the gear for a haul.  The standard up through present has been the mean over the center 80 percent of the tow duration of the best oxygen concentration sensor trace within the haul,O2 At Gear (ml/l) Derived
operation_haul_fact,Operation Haul Fact,"Operation details including dates, times, location, depths, tempuratures, etc",operation_dim_whid,warehouse identifier for operation,Operation Dim Whid
operation_haul_fact,Operation Haul Fact,"Operation details including dates, times, location, depths, tempuratures, etc",performance_details,Concatenated string of tow performance descriptors,Performance Details
operation_haul_fact,Operation Haul Fact,"Operation details including dates, times, location, depths, tempuratures, etc",reason_unacceptable,Concatenated string of reasons that a tow does not meet the basic criteria required for use in standard fish population assessments and like analyses.,Reason Unacceptable
operation_haul_fact,Operation Haul Fact,"Operation details including dates, times, location, depths, tempuratures, etc",salinity_at_gear_psu_der,Single point estimate for salinity in degrees C at the gear for a haul.  The standard up through present has been the mean over the center 80 percent of the tow duration of the best salinity sensor trace within the haul.  This CTD sensor trace is ordinarily subjected to a skew filter followed by a weighted mean algorithm rather than a simple descriptive mean calculation,Salinity At Gear (psu) Derived
operation_haul_fact,Operation Haul Fact,"Operation details including dates, times, location, depths, tempuratures, etc",sample_duration_hr_der,Difference in hours between the net liftoff and touchdown times,Sample Duration (hr) Derived
operation_haul_fact,Operation Haul Fact,"Operation details including dates, times, location, depths, tempuratures, etc",sampling_end_timestamp,Date and time that sampling stopped; almost exclusively the net liftoff time.,Sampling End Timestamp
operation_haul_fact,Operation Haul Fact,"Operation details including dates, times, location, depths, tempuratures, etc",sampling_end_time_whid,warehouse identifier for the sampling end time,Sampling End Time Whid
operation_haul_fact,Operation Haul Fact,"Operation details including dates, times, location, depths, tempuratures, etc",sampling_start_timestamp,Date and time that sampling began; almost exclusively the net touchdown time.,Sampling Start Timestamp
operation_haul_fact,Operation Haul Fact,"Operation details including dates, times, location, depths, tempuratures, etc",sampling_start_time_whid,warehouse identifier for the sampling start time,Sampling Start Time Whid
operation_haul_fact,Operation Haul Fact,"Operation details including dates, times, location, depths, tempuratures, etc",seafloor_depth_m_der,Single point estimate for seafloor depth representing the overall seafloor depth in meters for the haul.  The standard up through present has been the single point estimate of gear depth summed with the single point estimate of net height in meters,Seafloor Depth (m) Derived
operation_haul_fact,Operation Haul Fact,"Operation details including dates, times, location, depths, tempuratures, etc",seafloor_depth_type,Method used for deriving the seafloor depth single point,Seafloor Depth Type
operation_haul_fact,Operation Haul Fact,"Operation details including dates, times, location, depths, tempuratures, etc",seafloor_depth_whid,warehouse identifier for seafloor depth,Seafloor Depth Whid
operation_haul_fact,Operation Haul Fact,"Operation details including dates, times, location, depths, tempuratures, etc",target_station_design_whid,warehouse identifier for target station design,Target Station Design Whid
operation_haul_fact,Operation Haul Fact,"Operation details including dates, times, location, depths, tempuratures, etc",temperature_at_gear_c_der,Single point estimate for temperature in degrees C at the gear for a haul.  The standard up through present has been the mean over the center 80 percent of the tow duration of the best temperature sensor trace within the haul,Temperature At Gear (c) Derived
operation_haul_fact,Operation Haul Fact,"Operation details including dates, times, location, depths, tempuratures, etc",temperature_at_surface_c_der,Single point estimate for surface temperature in degrees C for a haul.  This has been collected in various ways over the course of the survey.  It is likely that the PI-associated temperature sensor would be the most reliable; other sources would have to be evaluated for survey cycles preceding the introduction of this sensor unit.  It is ordinarily expected that the depth represented by the temperature estimate be provided in association with the temperature estimate itself,Temperature At Surface (c) Derived
operation_haul_fact,Operation Haul Fact,"Operation details including dates, times, location, depths, tempuratures, etc",turbidity_ntu_der,Single point turbidity estimate for a haul in ntu (nephelometric turbidity units).  This estimate has not been computed to date; it is unknow what the best estimator would be,Turbidity (ntu) Derived
operation_haul_fact,Operation Haul Fact,"Operation details including dates, times, location, depths, tempuratures, etc",vertebrate_weight_kg,Total catch vertebrate weight in kilograms,Vertebrate Weight (kg)
operation_haul_fact,Operation Haul Fact,"Operation details including dates, times, location, depths, tempuratures, etc",vessel_end_latitude_dd,Longitude at the vessel when sampling commences (net touchdown for trawling).,Vessel End Latitude (dd)
operation_haul_fact,Operation Haul Fact,"Operation details including dates, times, location, depths, tempuratures, etc",vessel_end_latitude_whid,Warehouse identifier for vessel end latitude,Vessel End Latitude Whid
operation_haul_fact,Operation Haul Fact,"Operation details including dates, times, location, depths, tempuratures, etc",vessel_end_longitude_dd,Longitude at the vessel when sampling ceases (net touchdown for trawling).,Vessel End Longitude (dd)
operation_haul_fact,Operation Haul Fact,"Operation details including dates, times, location, depths, tempuratures, etc",vessel_end_longitude_whid,Warehouse identifier for vessel end longitude,Vessel End Longitude Whid
operation_haul_fact,Operation Haul Fact,"Operation details including dates, times, location, depths, tempuratures, etc",vessel_start_latitude_dd,Latitude at the vessel when sampling commences (net touchdown for trawling).,Vessel Start Latitude (dd)
operation_haul_fact,Operation Haul Fact,"Operation details including dates, times, location, depths, tempuratures, etc",vessel_start_latitude_whid,Warehouse identifier for vessel start latitude,Vessel Start Latitude Whid
operation_haul_fact,Operation Haul Fact,"Operation details including dates, times, location, depths, tempuratures, etc",vessel_start_longitude_dd,Latitude at the vessel when sampling ceases (net liftoff for trawling).,Vessel Start Longitude (dd)
operation_haul_fact,Operation Haul Fact,"Operation details including dates, times, location, depths, tempuratures, etc",vessel_start_longitude_whid,Warehouse identifier for vessel start longitude,Vessel Start Longitude Whid
